DATE,TRANSACTION_TYPE,TOTAL_TRANSACTIONS,TOTAL_SALES,TOTAL_UNITS,TOTAL_COUPONS,TOTAL_RETURN_SALES,TOTAL_RETURN_UNITS
1/1/2016,S,"1,604","101,482.59","8,046",769,?,?
1/1/2016,R,107,?,?,?,"7,631.56",169
1/2/2016,S,"2,669","174,602.55","13,305","1,446",?,?
1/2/2016,R,214,?,?,?,"13,213.79",359
1/3/2016,S,"2,298","152,357.03","11,795","1,324",?,?
1/3/2016,R,242,?,?,?,"15,242.25",414
1/4/2016,S,"1,967","109,492.91","9,075",947,?,?
1/4/2016,R,169,?,?,?,"9,512.64",296
1/5/2016,S,"1,796","108,041.47","8,424",662,?,?
1/5/2016,R,132,?,?,?,"8,429.03",240
1/6/2016,S,"1,867","110,355.05","8,896",716,?,?
1/6/2016,R,156,?,?,?,"8,874.51",279
1/7/2016,S,"1,872","101,447.95","8,668",860,?,?
1/7/2016,R,147,?,?,?,"7,914.98",203
1/8/2016,S,"1,874","105,293.55","8,676",895,?,?
1/8/2016,R,149,?,?,?,"9,722.82",284
1/9/2016,S,"2,502","161,562.68","12,686","1,245",?,?
1/9/2016,R,190,?,?,?,"11,777.70",322
1/10/2016,S,"2,138","134,339.35","10,685",930,?,?
1/10/2016,R,201,?,?,?,"13,906.07",341
1/11/2016,S,"1,651","95,730.96","8,060",721,?,?
1/11/2016,R,127,?,?,?,"9,493.35",195
1/12/2016,S,"1,725","89,085.27","7,585",735,?,?
1/12/2016,R,135,?,?,?,"7,711.53",219
1/13/2016,S,"1,511","88,220.92","7,398",705,?,?
1/13/2016,R,114,?,?,?,"6,009.81",175
1/14/2016,S,"1,621","87,284.68","7,592",734,?,?
1/14/2016,R,99,?,?,?,"5,304.21",134
1/15/2016,S,"1,909","106,820.34","8,901",945,?,?
1/15/2016,R,132,?,?,?,"10,257.19",223
1/16/2016,S,"2,354","155,987.69","12,130","1,134",?,?
1/16/2016,R,212,?,?,?,"17,240.90",376
1/17/2016,S,"2,116","142,511.15","11,225",989,?,?
1/17/2016,R,168,?,?,?,"12,759.80",298
1/18/2016,S,"2,281","153,107.82","11,803","1,070",?,?
1/18/2016,R,204,?,?,?,"15,911.16",392
1/19/2016,S,"1,479","85,857.46","6,982",568,?,?
1/19/2016,R,107,?,?,?,"5,997.81",159
1/20/2016,S,"1,754","96,853.72","8,263",773,?,?
1/20/2016,R,133,?,?,?,"7,306.33",271
1/21/2016,S,"1,766","99,525.37","8,511",794,?,?
1/21/2016,R,114,?,?,?,"8,344.07",214
1/22/2016,S,"1,947","118,827.49","9,334",805,?,?
1/22/2016,R,136,?,?,?,"9,118.41",225
1/23/2016,S,97,"5,855.15",518,39,?,?
1/23/2016,R,2,?,?,?,280.95,6
1/24/2016,S,"1,704","112,826.84","9,468",680,?,?
1/24/2016,R,128,?,?,?,"6,281.27",201
1/25/2016,S,"1,506","80,451.89","7,044",584,?,?
1/25/2016,R,117,?,?,?,"7,423.82",198
1/26/2016,S,"1,616","87,326.81","8,180",686,?,?
1/26/2016,R,106,?,?,?,"4,142.32",166
1/27/2016,S,"1,771","92,694.99","8,387",664,?,?
1/27/2016,R,118,?,?,?,"8,079.49",219
1/28/2016,S,"1,629","84,929.32","7,595",689,?,?
1/28/2016,R,85,?,?,?,"4,419.04",132
1/29/2016,S,"1,730","93,264.32","7,871",711,?,?
1/29/2016,R,110,?,?,?,"6,068.78",226
1/30/2016,S,"2,481","167,645.43","13,206","1,048",?,?
1/30/2016,R,204,?,?,?,"14,131.49",371
1/31/2016,S,"2,119","150,350.44","11,819",926,?,?
1/31/2016,R,203,?,?,?,"16,554.68",386
2/1/2016,S,"1,638","84,701.04","7,589",679,?,?
2/1/2016,R,133,?,?,?,"6,954.46",234
2/2/2016,S,"1,659","91,196.33","8,303",691,?,?
2/2/2016,R,125,?,?,?,"5,834.85",212
2/3/2016,S,"1,312","69,528.74","6,220",631,?,?
2/3/2016,R,96,?,?,?,"4,826.87",144
2/4/2016,S,"1,722","97,765.77","8,871",834,?,?
2/4/2016,R,121,?,?,?,"6,224.27",206
2/5/2016,S,"1,543","89,688.88","7,915",719,?,?
2/5/2016,R,95,?,?,?,"5,350.12",148
2/6/2016,S,"2,283","158,785.63","12,975","1,219",?,?
2/6/2016,R,170,?,?,?,"10,755.53",283
2/7/2016,S,"2,134","128,839.73","10,868","1,128",?,?
2/7/2016,R,173,?,?,?,"12,005.85",290
2/8/2016,S,"1,404","77,360.76","7,295",588,?,?
2/8/2016,R,105,?,?,?,"5,887.26",186
2/9/2016,S,"1,587","85,669.51","7,623",766,?,?
2/9/2016,R,119,?,?,?,"7,514.97",229
2/10/2016,S,"1,622","84,498.83","7,589",791,?,?
2/10/2016,R,122,?,?,?,"7,042.92",199
2/11/2016,S,"1,543","78,411.51","7,138",688,?,?
2/11/2016,R,100,?,?,?,"6,211.06",184
2/12/2016,S,"1,725","97,829.83","7,855",936,?,?
2/12/2016,R,93,?,?,?,"6,306.22",174
2/13/2016,S,"1,832","127,178.55","10,061","1,060",?,?
2/13/2016,R,137,?,?,?,"8,081.97",250
2/14/2016,S,"1,546","108,570.99","7,937",781,?,?
2/14/2016,R,103,?,?,?,"6,393.97",160
2/15/2016,S,"1,721","112,495.77","8,917",918,?,?
2/15/2016,R,148,?,?,?,"9,461.19",258
2/16/2016,S,"1,307","69,173.74","6,365",617,?,?
2/16/2016,R,77,?,?,?,"4,880.98",121
2/17/2016,S,"1,697","99,273.37","8,509",737,?,?
2/17/2016,R,105,?,?,?,"7,057.48",195
2/18/2016,S,"1,687","85,215.62","7,971",745,?,?
2/18/2016,R,114,?,?,?,"6,362.33",237
2/19/2016,S,"1,703","87,604.75","7,794",848,?,?
2/19/2016,R,115,?,?,?,"5,640.27",207
2/20/2016,S,"2,427","143,939.68","12,589","1,271",?,?
2/20/2016,R,164,?,?,?,"10,782.64",313
2/21/2016,S,"2,159","127,615.14","11,363","1,016",?,?
2/21/2016,R,208,?,?,?,"13,886.27",428
2/22/2016,S,"1,729","88,683.62","7,992",827,?,?
2/22/2016,R,130,?,?,?,"6,355.88",213
2/23/2016,S,"1,279","66,262.79","5,926",568,?,?
2/23/2016,R,93,?,?,?,"5,616.99",152
2/24/2016,S,"1,200","67,250.02","5,958",469,?,?
2/24/2016,R,93,?,?,?,"6,638.20",207
2/25/2016,S,"1,548","94,383.19","8,000",696,?,?
2/25/2016,R,104,?,?,?,"6,978.82",230
2/26/2016,S,"1,658","85,199.95","7,889",715,?,?
2/26/2016,R,106,?,?,?,"6,043.55",175
2/27/2016,S,"2,288","144,983.50","12,168","1,046",?,?
2/27/2016,R,150,?,?,?,"10,363.93",305
2/28/2016,S,"2,300","145,553.90","12,381","1,005",?,?
2/28/2016,R,203,?,?,?,"14,154.65",351
2/29/2016,S,"1,699","90,899.17","8,370",665,?,?
2/29/2016,R,111,?,?,?,"5,500.34",186
3/1/2016,S,"1,711","90,981.48","8,393",609,?,?
3/1/2016,R,107,?,?,?,"5,672.69",189
3/2/2016,S,"1,515","92,290.95","8,227",549,?,?
3/2/2016,R,117,?,?,?,"6,206.24",202
3/3/2016,S,"1,524","84,039.10","7,346",582,?,?
3/3/2016,R,101,?,?,?,"5,099.58",175
3/4/2016,S,"1,530","82,790.43","7,464",496,?,?
3/4/2016,R,98,?,?,?,"6,326.87",164
3/5/2016,S,"2,285","143,897.75","12,210",822,?,?
3/5/2016,R,148,?,?,?,"10,698.04",302
3/6/2016,S,"2,200","141,615.91","12,213",790,?,?
3/6/2016,R,166,?,?,?,"10,902.07",291
3/7/2016,S,"1,607","81,599.05","7,999",546,?,?
3/7/2016,R,145,?,?,?,"7,280.22",254
3/8/2016,S,"1,611","76,181.29","7,827",643,?,?
3/8/2016,R,94,?,?,?,"7,210.77",141
3/9/2016,S,"1,588","76,714.89","7,685",662,?,?
3/9/2016,R,105,?,?,?,"6,262.30",212
3/10/2016,S,"1,562","78,044.47","7,159",672,?,?
3/10/2016,R,93,?,?,?,"6,511.79",263
3/11/2016,S,"1,735","92,336.75","8,500",662,?,?
3/11/2016,R,113,?,?,?,"7,320.02",236
3/12/2016,S,"2,338","140,172.61","12,413",867,?,?
3/12/2016,R,159,?,?,?,"13,022.21",316
3/13/2016,S,"2,069","131,830.17","11,043",804,?,?
3/13/2016,R,164,?,?,?,"13,134.93",318
3/14/2016,S,"1,245","63,960.56","6,013",449,?,?
3/14/2016,R,85,?,?,?,"5,019.48",195
3/15/2016,S,"1,644","92,937.89","8,561",724,?,?
3/15/2016,R,119,?,?,?,"6,600.13",201
3/16/2016,S,"1,720","84,597.61","8,062",799,?,?
3/16/2016,R,109,?,?,?,"6,698.92",248
3/17/2016,S,"1,674","90,328.01","8,222",846,?,?
3/17/2016,R,92,?,?,?,"4,072.80",162
3/18/2016,S,"1,769","91,161.18","8,775",797,?,?
3/18/2016,R,102,?,?,?,"6,402.98",227
3/19/2016,S,"2,298","144,702.45","12,252","1,101",?,?
3/19/2016,R,156,?,?,?,"9,206.48",283
3/20/2016,S,"2,051","131,094.26","10,826",970,?,?
3/20/2016,R,164,?,?,?,"12,415.41",341
3/21/2016,S,"1,674","88,840.05","8,190",709,?,?
3/21/2016,R,122,?,?,?,"7,137.43",227
3/22/2016,S,"1,687","82,463.58","7,902",804,?,?
3/22/2016,R,108,?,?,?,"6,994.62",188
3/23/2016,S,"1,618","86,038.44","7,919",768,?,?
3/23/2016,R,119,?,?,?,"6,354.23",228
3/24/2016,S,"1,711","95,142.16","8,166",903,?,?
3/24/2016,R,88,?,?,?,"4,295.78",142
3/25/2016,S,"1,909","102,502.95","9,316",989,?,?
3/25/2016,R,94,?,?,?,"5,483.56",164
3/26/2016,S,"2,289","147,667.47","12,211","1,336",?,?
3/26/2016,R,155,?,?,?,"9,734.17",289
3/27/2016,S,"1,840","117,299.40","9,527","1,009",?,?
3/27/2016,R,132,?,?,?,"9,440.88",260
3/28/2016,S,"1,606","79,666.29","7,515",776,?,?
3/28/2016,R,90,?,?,?,"5,201.91",190
3/29/2016,S,"1,700","88,075.10","7,972",787,?,?
3/29/2016,R,124,?,?,?,"7,363.99",205
3/30/2016,S,"1,612","81,084.53","7,770",878,?,?
3/30/2016,R,112,?,?,?,"6,266.24",206
3/31/2016,S,"1,758","92,082.30","8,229",947,?,?
3/31/2016,R,92,?,?,?,"5,280.03",170
4/1/2016,S,"1,704","99,428.03","8,457",910,?,?
4/1/2016,R,104,?,?,?,"6,912.14",183
4/2/2016,S,"2,440","156,142.20","13,147","1,367",?,?
4/2/2016,R,156,?,?,?,"8,550.95",286
4/3/2016,S,"2,120","143,845.01","11,855","1,141",?,?
4/3/2016,R,152,?,?,?,"10,520.70",260
4/4/2016,S,"1,446","72,858.81","6,664",743,?,?
4/4/2016,R,63,?,?,?,"3,661.05",101
4/5/2016,S,"1,628","87,525.30","7,918",737,?,?
4/5/2016,R,115,?,?,?,"7,061.60",222
4/6/2016,S,"1,592","80,556.50","7,397",725,?,?
4/6/2016,R,111,?,?,?,"8,010.32",289
4/7/2016,S,"1,509","76,070.72","7,147",709,?,?
4/7/2016,R,78,?,?,?,"3,884.67",126
4/8/2016,S,"1,752","92,824.90","8,173",866,?,?
4/8/2016,R,108,?,?,?,"6,645.37",193
4/9/2016,S,"2,073","134,236.64","10,901","1,088",?,?
4/9/2016,R,127,?,?,?,"9,194.25",252
4/10/2016,S,"2,218","144,911.78","11,987","1,173",?,?
4/10/2016,R,157,?,?,?,"9,520.87",322
4/11/2016,S,"1,668","87,597.66","7,837",684,?,?
4/11/2016,R,112,?,?,?,"7,505.34",258
4/12/2016,S,"1,613","85,331.47","7,793",702,?,?
4/12/2016,R,115,?,?,?,"6,236.57",222
4/13/2016,S,"1,684","85,375.02","7,638",804,?,?
4/13/2016,R,104,?,?,?,"5,857.01",175
4/14/2016,S,"1,680","93,474.83","7,747",832,?,?
4/14/2016,R,101,?,?,?,"4,944.47",164
4/15/2016,S,"1,880","112,390.95","9,132",996,?,?
4/15/2016,R,116,?,?,?,"10,628.42",242
4/16/2016,S,"2,366","151,064.01","12,543","1,332",?,?
4/16/2016,R,141,?,?,?,"7,301.49",217
4/17/2016,S,"2,153","144,059.52","12,023","1,259",?,?
4/17/2016,R,181,?,?,?,"11,191.48",313
4/18/2016,S,"1,818","96,288.68","8,602",944,?,?
4/18/2016,R,135,?,?,?,"7,386.79",247
4/19/2016,S,"1,798","93,876.89","8,376",961,?,?
4/19/2016,R,120,?,?,?,"6,845.92",208
4/20/2016,S,"1,837","95,577.04","8,709",994,?,?
4/20/2016,R,134,?,?,?,"8,961.79",251
4/21/2016,S,"1,858","102,569.02","9,682",999,?,?
4/21/2016,R,112,?,?,?,"6,164.88",206
4/22/2016,S,"1,901","114,479.00","9,706",962,?,?
4/22/2016,R,115,?,?,?,"6,730.46",206
4/23/2016,S,"2,334","155,829.92","12,890","1,317",?,?
4/23/2016,R,125,?,?,?,"7,030.83",233
4/24/2016,S,"2,350","148,499.17","12,024","1,322",?,?
4/24/2016,R,152,?,?,?,"9,225.11",235
4/25/2016,S,"1,913","93,086.09","8,625","1,016",?,?
4/25/2016,R,120,?,?,?,"8,901.56",264
4/26/2016,S,"1,564","103,957.90","7,787",639,?,?
4/26/2016,R,106,?,?,?,"21,084.55",248
4/27/2016,S,"1,720","93,002.57","8,126",790,?,?
4/27/2016,R,106,?,?,?,"4,478.81",218
4/28/2016,S,"1,733","93,185.08","8,079",797,?,?
4/28/2016,R,105,?,?,?,"5,645.61",167
4/29/2016,S,"1,724","91,319.80","8,060",889,?,?
4/29/2016,R,103,?,?,?,"5,048.15",149
4/30/2016,S,"2,392","157,667.15","12,925","1,255",?,?
4/30/2016,R,143,?,?,?,"8,919.98",244
5/1/2016,S,"1,934","130,287.13","10,456",963,?,?
5/1/2016,R,141,?,?,?,"9,825.69",248
5/2/2016,S,"1,882","106,155.78","9,061",781,?,?
5/2/2016,R,140,?,?,?,"7,587.33",209
5/3/2016,S,"1,617","91,342.98","8,126",744,?,?
5/3/2016,R,114,?,?,?,"7,488.33",320
5/4/2016,S,"1,639","87,390.27","7,793",759,?,?
5/4/2016,R,110,?,?,?,"6,821.90",190
5/5/2016,S,"1,781","97,960.35","8,596",956,?,?
5/5/2016,R,107,?,?,?,"6,227.79",210
5/6/2016,S,"1,662","94,099.36","8,137",818,?,?
5/6/2016,R,95,?,?,?,"4,460.70",140
5/7/2016,S,"2,420","155,314.31","12,737","1,358",?,?
5/7/2016,R,145,?,?,?,"9,853.60",264
5/8/2016,S,"2,121","124,155.25","10,551","1,130",?,?
5/8/2016,R,142,?,?,?,"10,613.29",266
5/9/2016,S,"2,009","98,955.47","8,657","1,079",?,?
5/9/2016,R,144,?,?,?,"9,296.38",323
5/10/2016,S,"1,731","88,344.64","7,532",761,?,?
5/10/2016,R,113,?,?,?,"6,743.54",215
5/11/2016,S,"1,837","100,467.84","8,491",919,?,?
5/11/2016,R,112,?,?,?,"5,963.30",182
5/12/2016,S,"1,857","102,995.54","8,883",969,?,?
5/12/2016,R,113,?,?,?,"5,229.13",186
5/13/2016,S,"1,637","96,315.79","8,188",819,?,?
5/13/2016,R,94,?,?,?,"5,447.73",171
5/14/2016,S,"2,543","162,205.40","13,785","1,277",?,?
5/14/2016,R,127,?,?,?,"7,589.86",215
5/15/2016,S,"2,335","173,832.43","14,053","1,163",?,?
5/15/2016,R,173,?,?,?,"10,958.31",299
5/16/2016,S,"2,043","122,180.93","10,498",951,?,?
5/16/2016,R,143,?,?,?,"5,525.54",247
5/17/2016,S,"1,790","107,226.79","9,385",890,?,?
5/17/2016,R,129,?,?,?,"7,103.75",228
5/18/2016,S,"1,926","104,805.59","9,514",964,?,?
5/18/2016,R,125,?,?,?,"8,219.82",222
5/19/2016,S,"1,846","104,270.94","9,401",978,?,?
5/19/2016,R,120,?,?,?,"6,193.07",221
5/20/2016,S,"2,040","115,063.24","10,094","1,123",?,?
5/20/2016,R,120,?,?,?,"7,075.35",221
5/21/2016,S,"2,287","140,668.72","12,107","1,344",?,?
5/21/2016,R,182,?,?,?,"15,460.30",348
5/22/2016,S,"2,417","162,602.05","13,576","1,314",?,?
5/22/2016,R,163,?,?,?,"13,080.71",296
5/23/2016,S,"2,092","118,878.79","10,409","1,108",?,?
5/23/2016,R,140,?,?,?,"7,616.23",356
5/24/2016,S,"1,888","112,697.45","9,783",855,?,?
5/24/2016,R,106,?,?,?,"6,534.49",204
5/25/2016,S,"1,944","104,791.55","8,960",940,?,?
5/25/2016,R,127,?,?,?,"7,239.96",232
5/26/2016,S,"1,908","111,372.28","9,092","1,015",?,?
5/26/2016,R,109,?,?,?,"5,958.30",227
5/27/2016,S,"2,263","149,841.89","11,370","1,218",?,?
5/27/2016,R,136,?,?,?,"9,149.82",234
5/28/2016,S,"2,374","169,278.00","12,254","1,120",?,?
5/28/2016,R,121,?,?,?,"6,712.40",190
5/29/2016,S,"2,263","157,896.07","11,856","1,051",?,?
5/29/2016,R,148,?,?,?,"11,476.15",220
5/30/2016,S,"2,633","184,728.43","13,186","1,310",?,?
5/30/2016,R,197,?,?,?,"13,148.37",407
5/31/2016,S,"2,170","135,091.98","11,249",992,?,?
5/31/2016,R,177,?,?,?,"10,779.84",306
6/1/2016,S,"2,111","131,797.44","10,856",868,?,?
6/1/2016,R,138,?,?,?,"8,538.62",225
6/2/2016,S,"1,991","132,237.59","10,708",975,?,?
6/2/2016,R,123,?,?,?,"9,472.57",241
6/3/2016,S,"1,938","119,418.13","10,047",854,?,?
6/3/2016,R,138,?,?,?,"7,940.53",236
6/4/2016,S,"2,383","153,918.39","12,998","1,076",?,?
6/4/2016,R,145,?,?,?,"8,903.55",235
6/5/2016,S,"2,054","150,754.22","12,720",897,?,?
6/5/2016,R,140,?,?,?,"12,661.66",273
6/6/2016,S,"2,094","125,785.79","10,987",916,?,?
6/6/2016,R,154,?,?,?,"8,563.44",262
6/7/2016,S,"1,952","107,376.08","9,235",724,?,?
6/7/2016,R,139,?,?,?,"9,273.42",227
6/8/2016,S,"1,571","88,816.59","7,651",520,?,?
6/8/2016,R,111,?,?,?,"5,193.56",190
6/9/2016,S,"1,914","105,512.71","9,416",767,?,?
6/9/2016,R,110,?,?,?,"5,482.28",192
6/10/2016,S,"1,974","121,829.22","10,064",882,?,?
6/10/2016,R,139,?,?,?,"8,673.61",260
6/11/2016,S,"2,367","167,532.29","13,582","1,051",?,?
6/11/2016,R,157,?,?,?,"10,097.49",292
6/12/2016,S,"2,262","147,315.29","12,247",950,?,?
6/12/2016,R,162,?,?,?,"11,445.34",307
6/13/2016,S,"1,879","107,591.93","9,565",771,?,?
6/13/2016,R,122,?,?,?,"8,658.19",188
6/14/2016,S,"1,875","107,482.53","9,433",817,?,?
6/14/2016,R,123,?,?,?,"6,931.82",255
6/15/2016,S,"1,936","109,913.78","9,661",981,?,?
6/15/2016,R,114,?,?,?,"6,384.45",212
6/16/2016,S,"1,852","106,449.34","9,689",885,?,?
6/16/2016,R,108,?,?,?,"5,730.22",214
6/17/2016,S,"2,041","121,129.45","10,524","1,018",?,?
6/17/2016,R,136,?,?,?,"7,209.87",252
6/18/2016,S,"2,376","150,814.65","12,753","1,172",?,?
6/18/2016,R,180,?,?,?,"12,921.72",318
6/19/2016,S,"2,145","136,159.57","11,825","1,031",?,?
6/19/2016,R,155,?,?,?,"11,115.39",314
6/20/2016,S,"1,910","110,931.10","9,622",834,?,?
6/20/2016,R,131,?,?,?,"7,883.49",229
6/21/2016,S,"1,805","111,302.38","9,436",840,?,?
6/21/2016,R,126,?,?,?,"5,698.21",205
6/22/2016,S,"1,853","112,949.53","9,733",845,?,?
6/22/2016,R,110,?,?,?,"7,001.80",181
6/23/2016,S,"1,857","101,429.70","9,169",808,?,?
6/23/2016,R,111,?,?,?,"5,431.75",207
6/24/2016,S,"2,028","126,399.09","11,066",849,?,?
6/24/2016,R,126,?,?,?,"7,233.60",239
6/25/2016,S,"2,336","155,297.84","13,129","1,032",?,?
6/25/2016,R,154,?,?,?,"9,306.04",285
6/26/2016,S,"2,397","161,265.56","13,989",972,?,?
6/26/2016,R,162,?,?,?,"10,340.11",309
6/27/2016,S,"1,920","116,162.23","9,776",769,?,?
6/27/2016,R,125,?,?,?,"7,242.67",215
6/28/2016,S,"1,830","108,780.36","9,832",654,?,?
6/28/2016,R,128,?,?,?,"7,611.72",246
6/29/2016,S,"1,956","115,508.40","10,085",821,?,?
6/29/2016,R,134,?,?,?,"6,480.87",221
6/30/2016,S,"2,079","117,913.92","10,000",942,?,?
6/30/2016,R,111,?,?,?,"7,126.23",207
7/1/2016,S,"2,070","136,439.28","11,094",950,?,?
7/1/2016,R,106,?,?,?,"7,909.71",194
7/2/2016,S,"2,390","163,944.74","13,198","1,094",?,?
7/2/2016,R,139,?,?,?,"7,682.22",258
7/3/2016,S,"2,157","151,369.89","11,883",956,?,?
7/3/2016,R,136,?,?,?,"8,942.89",255
7/4/2016,S,"1,781","115,127.29","9,460",766,?,?
7/4/2016,R,134,?,?,?,"9,389.35",260
7/5/2016,S,"2,042","124,555.63","10,465",959,?,?
7/5/2016,R,142,?,?,?,"7,317.26",278
7/6/2016,S,"2,025","115,089.69","9,857",921,?,?
7/6/2016,R,138,?,?,?,"7,512.30",252
7/7/2016,S,"1,939","117,246.87","9,337",906,?,?
7/7/2016,R,124,?,?,?,"8,240.01",235
7/8/2016,S,"1,894","124,328.91","9,832",853,?,?
7/8/2016,R,111,?,?,?,"6,474.59",209
7/9/2016,S,"2,431","159,947.07","13,626","1,076",?,?
7/9/2016,R,157,?,?,?,"12,276.72",238
7/10/2016,S,"2,408","156,434.01","12,745","1,219",?,?
7/10/2016,R,186,?,?,?,"11,781.36",345
7/11/2016,S,"2,037","118,686.37","9,646",916,?,?
7/11/2016,R,139,?,?,?,"7,467.34",204
7/12/2016,S,"1,938","110,398.65","9,413",885,?,?
7/12/2016,R,140,?,?,?,"9,222.39",305
7/13/2016,S,"1,827","107,402.77","9,088",937,?,?
7/13/2016,R,106,?,?,?,"5,413.23",222
7/14/2016,S,"1,839","114,941.23","9,202",934,?,?
7/14/2016,R,117,?,?,?,"5,927.61",219
7/15/2016,S,"2,013","119,808.23","9,906",913,?,?
7/15/2016,R,126,?,?,?,"7,053.77",215
7/16/2016,S,"2,302","155,062.17","12,380","1,181",?,?
7/16/2016,R,153,?,?,?,"8,920.47",244
7/17/2016,S,"2,353","160,981.77","12,964","1,103",?,?
7/17/2016,R,181,?,?,?,"14,166.00",340
7/18/2016,S,"1,808","108,257.41","8,822",786,?,?
7/18/2016,R,115,?,?,?,"6,066.78",214
7/19/2016,S,"2,135","117,579.31","9,817","1,181",?,?
7/19/2016,R,136,?,?,?,"10,832.41",270
7/20/2016,S,"1,902","106,503.43","9,055","1,004",?,?
7/20/2016,R,118,?,?,?,"7,910.04",203
7/21/2016,S,"1,856","102,670.86","9,021",884,?,?
7/21/2016,R,114,?,?,?,"7,042.19",231
7/22/2016,S,"1,972","110,489.41","9,577","1,020",?,?
7/22/2016,R,135,?,?,?,"11,196.99",318
7/23/2016,S,"2,204","143,796.23","11,580","1,147",?,?
7/23/2016,R,128,?,?,?,"7,641.69",200
7/24/2016,S,"2,222","139,858.74","11,343","1,056",?,?
7/24/2016,R,151,?,?,?,"10,231.75",256
7/25/2016,S,"1,566","91,000.28","7,686",696,?,?
7/25/2016,R,108,?,?,?,"7,949.46",182
7/26/2016,S,"1,800","110,323.48","9,049",914,?,?
7/26/2016,R,126,?,?,?,"6,896.18",247
7/27/2016,S,"1,840","101,930.27","9,008",841,?,?
7/27/2016,R,117,?,?,?,"7,407.15",257
7/28/2016,S,"1,735","97,054.23","8,263",866,?,?
7/28/2016,R,128,?,?,?,"7,437.99",252
7/29/2016,S,"1,951","121,293.68","9,833","1,008",?,?
7/29/2016,R,126,?,?,?,"7,473.78",228
7/30/2016,S,"2,217","147,897.83","11,688","1,103",?,?
7/30/2016,R,127,?,?,?,"7,591.49",251
7/31/2016,S,"2,345","168,303.52","13,718","1,215",?,?
7/31/2016,R,205,?,?,?,"13,732.49",357
8/1/2016,S,"2,051","128,684.52","10,622",966,?,?
8/1/2016,R,145,?,?,?,"8,535.73",281
8/2/2016,S,"1,973","122,828.48","10,288","1,018",?,?
8/2/2016,R,130,?,?,?,"7,715.40",240
8/3/2016,S,"2,012","117,565.50","9,989",988,?,?
8/3/2016,R,131,?,?,?,"7,638.14",286
8/4/2016,S,"1,912","119,765.94","9,815",900,?,?
8/4/2016,R,123,?,?,?,"8,433.42",259
8/5/2016,S,"1,856","109,324.54","9,243",872,?,?
8/5/2016,R,112,?,?,?,"6,992.72",198
8/6/2016,S,"2,310","167,393.79","13,234","1,038",?,?
8/6/2016,R,139,?,?,?,"10,261.61",249
8/7/2016,S,"2,291","154,144.79","12,491","1,072",?,?
8/7/2016,R,181,?,?,?,"11,060.45",342
8/8/2016,S,"2,053","115,089.06","9,728",918,?,?
8/8/2016,R,147,?,?,?,"9,192.75",255
8/9/2016,S,"1,850","109,076.66","9,452",779,?,?
8/9/2016,R,144,?,?,?,"7,328.79",272
8/10/2016,S,"1,608","94,731.78","8,149",632,?,?
8/10/2016,R,118,?,?,?,"7,049.91",185
8/11/2016,S,"1,733","101,620.65","8,191",743,?,?
8/11/2016,R,112,?,?,?,"10,498.68",252
8/12/2016,S,"1,819","121,837.83","9,847",795,?,?
8/12/2016,R,145,?,?,?,"8,618.39",249
8/13/2016,S,"2,251","167,279.52","12,757","1,014",?,?
8/13/2016,R,149,?,?,?,"9,906.17",316
8/14/2016,S,"2,158","162,911.41","12,577",962,?,?
8/14/2016,R,148,?,?,?,"9,027.23",279
8/15/2016,S,"2,061","142,670.49","11,520",868,?,?
8/15/2016,R,122,?,?,?,"6,237.00",204
8/16/2016,S,"1,930","132,965.02","10,708",923,?,?
8/16/2016,R,111,?,?,?,"7,409.27",211
8/17/2016,S,"1,374","74,168.22","6,507",603,?,?
8/17/2016,R,126,?,?,?,"7,488.32",276
8/18/2016,S,"2,241","156,320.16","12,264","1,142",?,?
8/18/2016,R,152,?,?,?,"7,620.00",242
8/19/2016,S,"2,307","164,508.90","12,538","1,143",?,?
8/19/2016,R,178,?,?,?,"9,982.81",334
8/20/2016,S,"2,380","174,808.33","14,117","1,090",?,?
8/20/2016,R,158,?,?,?,"11,604.27",293
8/21/2016,S,"2,379","174,953.50","14,693","1,154",?,?
8/21/2016,R,156,?,?,?,"8,413.51",327
8/22/2016,S,"2,271","145,924.19","11,534","1,190",?,?
8/22/2016,R,174,?,?,?,"10,180.88",314
8/23/2016,S,"2,145","168,370.67","13,365",949,?,?
8/23/2016,R,164,?,?,?,"10,099.73",296
8/24/2016,S,"2,096","150,240.52","12,190",925,?,?
8/24/2016,R,113,?,?,?,"6,293.38",222
8/25/2016,S,"2,193","184,749.02","13,767","1,195",?,?
8/25/2016,R,149,?,?,?,"8,235.11",263
8/26/2016,S,"2,287","202,507.74","15,336","1,124",?,?
8/26/2016,R,144,?,?,?,"8,554.11",275
8/27/2016,S,"2,727","274,852.74","19,314","1,562",?,?
8/27/2016,R,210,?,?,?,"16,578.41",443
8/28/2016,S,"3,060","322,279.42","23,471","1,966",?,?
8/28/2016,R,246,?,?,?,"14,928.32",484
8/29/2016,S,"2,567","202,430.55","15,797","1,473",?,?
8/29/2016,R,203,?,?,?,"11,343.71",386
8/30/2016,S,"2,252","159,248.85","13,060","1,102",?,?
8/30/2016,R,193,?,?,?,"10,374.72",338
8/31/2016,S,"2,216","160,440.67","12,091","1,111",?,?
8/31/2016,R,171,?,?,?,"10,583.60",313
9/1/2016,S,"2,159","154,232.25","12,557","1,025",?,?
9/1/2016,R,123,?,?,?,"7,060.30",230
9/2/2016,S,"2,563","190,944.20","15,022","1,194",?,?
9/2/2016,R,173,?,?,?,"8,966.66",322
9/3/2016,S,"2,826","236,414.79","17,888","2,166",?,?
9/3/2016,R,194,?,?,?,"10,548.67",326
9/4/2016,S,"2,918","224,663.54","17,641","1,936",?,?
9/4/2016,R,213,?,?,?,"11,328.30",344
9/5/2016,S,"2,984","226,538.60","17,745","1,783",?,?
9/5/2016,R,239,?,?,?,"16,608.03",431
9/6/2016,S,"1,972","117,380.11","9,907",736,?,?
9/6/2016,R,134,?,?,?,"7,099.69",252
9/7/2016,S,"1,916","122,361.53","10,299",800,?,?
9/7/2016,R,142,?,?,?,"8,773.49",271
9/8/2016,S,"1,949","112,570.60","9,788",648,?,?
9/8/2016,R,153,?,?,?,"9,799.05",320
9/9/2016,S,"2,039","120,619.71","10,405",702,?,?
9/9/2016,R,127,?,?,?,"6,500.76",207
9/10/2016,S,"2,514","173,655.55","13,871",905,?,?
9/10/2016,R,170,?,?,?,"10,483.04",282
9/11/2016,S,"2,555","172,987.45","13,930","1,044",?,?
9/11/2016,R,228,?,?,?,"16,494.85",426
9/12/2016,S,"2,037","118,621.79","10,133",724,?,?
9/12/2016,R,180,?,?,?,"10,546.89",300
9/13/2016,S,"1,912","101,692.97","8,852",734,?,?
9/13/2016,R,134,?,?,?,"6,872.80",248
9/14/2016,S,"1,740","102,545.90","8,537",695,?,?
9/14/2016,R,133,?,?,?,"7,632.21",223
9/15/2016,S,"1,935","117,599.76","9,957",903,?,?
9/15/2016,R,128,?,?,?,"7,750.02",246
9/16/2016,S,"2,041","124,615.23","10,113",869,?,?
9/16/2016,R,147,?,?,?,"7,673.39",269
9/17/2016,S,"2,504","167,935.19","13,727","1,101",?,?
9/17/2016,R,176,?,?,?,"10,015.88",340
9/18/2016,S,"2,339","153,073.54","12,619","1,028",?,?
9/18/2016,R,179,?,?,?,"14,849.57",388
9/19/2016,S,"1,604","94,967.18","7,610",604,?,?
9/19/2016,R,106,?,?,?,"7,141.24",191
9/20/2016,S,"1,881","109,183.20","8,941",761,?,?
9/20/2016,R,137,?,?,?,"7,100.33",226
9/21/2016,S,"2,053","119,138.81","9,529",820,?,?
9/21/2016,R,142,?,?,?,"6,655.34",269
9/22/2016,S,"1,937","107,198.87","9,395",877,?,?
9/22/2016,R,123,?,?,?,"6,586.45",242
9/23/2016,S,"1,972","106,793.41","9,061",900,?,?
9/23/2016,R,121,?,?,?,"6,315.27",213
9/24/2016,S,"2,429","155,491.23","12,303","1,153",?,?
9/24/2016,R,192,?,?,?,"11,524.26",332
9/25/2016,S,"2,414","158,706.58","12,465","1,088",?,?
9/25/2016,R,200,?,?,?,"13,351.66",311
9/26/2016,S,"1,859","106,835.45","8,851",811,?,?
9/26/2016,R,141,?,?,?,"7,066.32",243
9/27/2016,S,"1,817","96,815.53","8,525",784,?,?
9/27/2016,R,127,?,?,?,"6,501.69",205
9/28/2016,S,"1,730","95,838.74","8,364",799,?,?
9/28/2016,R,106,?,?,?,"6,168.47",177
9/29/2016,S,"1,847","100,394.99","8,961",845,?,?
9/29/2016,R,135,?,?,?,"8,263.96",254
9/30/2016,S,"1,619","101,956.19","8,291",702,?,?
9/30/2016,R,103,?,?,?,"7,038.41",206
10/1/2016,S,"2,721","195,387.77","15,027","1,254",?,?
10/1/2016,R,172,?,?,?,"9,698.19",323
10/2/2016,S,"2,525","176,155.52","13,629","1,092",?,?
10/2/2016,R,196,?,?,?,"11,304.07",314
10/3/2016,S,"2,214","136,937.51","11,196","1,055",?,?
10/3/2016,R,140,?,?,?,"9,053.57",212
10/4/2016,S,"2,020","118,081.67","9,919",796,?,?
10/4/2016,R,156,?,?,?,"9,873.68",252
10/5/2016,S,"1,874","112,833.27","9,278",735,?,?
10/5/2016,R,120,?,?,?,"5,383.10",199
10/6/2016,S,"1,971","110,908.50","9,275",927,?,?
10/6/2016,R,140,?,?,?,"7,307.97",241
10/7/2016,S,"1,931","112,179.63","9,007",888,?,?
10/7/2016,R,112,?,?,?,"6,843.99",202
10/8/2016,S,"2,258","147,083.31","11,724","1,146",?,?
10/8/2016,R,153,?,?,?,"9,614.63",265
10/9/2016,S,"2,086","139,137.90","11,096",922,?,?
10/9/2016,R,164,?,?,?,"10,827.45",337
10/10/2016,S,"2,212","135,730.84","10,393","1,043",?,?
10/10/2016,R,186,?,?,?,"10,992.12",319
10/11/2016,S,"1,889","113,624.17","9,335",902,?,?
10/11/2016,R,124,?,?,?,"8,489.36",230
10/12/2016,S,"1,935","123,116.07","9,786",882,?,?
10/12/2016,R,132,?,?,?,"7,159.40",240
10/13/2016,S,"1,802","102,468.58","8,544",802,?,?
10/13/2016,R,111,?,?,?,"6,057.35",185
10/14/2016,S,"1,884","111,436.22","9,427",840,?,?
10/14/2016,R,142,?,?,?,"10,016.79",301
10/15/2016,S,"2,592","179,271.83","13,814","1,226",?,?
10/15/2016,R,189,?,?,?,"12,848.06",334
10/16/2016,S,"2,382","153,386.76","12,241","1,086",?,?
10/16/2016,R,176,?,?,?,"11,061.58",302
10/17/2016,S,"1,944","101,580.92","8,710",927,?,?
10/17/2016,R,131,?,?,?,"6,403.93",225
10/18/2016,S,"1,826","102,195.55","8,405",917,?,?
10/18/2016,R,137,?,?,?,"6,733.34",239
10/19/2016,S,"1,842","96,729.70","8,478",950,?,?
10/19/2016,R,128,?,?,?,"6,632.88",207
10/20/2016,S,"1,775","89,996.86","8,087",854,?,?
10/20/2016,R,101,?,?,?,"6,054.16",184
10/21/2016,S,"1,682","91,411.08","7,547",759,?,?
10/21/2016,R,114,?,?,?,"6,744.82",208
10/22/2016,S,"2,245","161,743.57","12,132","1,135",?,?
10/22/2016,R,160,?,?,?,"11,468.24",244
10/23/2016,S,"2,469","158,700.23","12,664","1,269",?,?
10/23/2016,R,178,?,?,?,"13,122.96",334
10/24/2016,S,"1,988","107,656.33","9,384",918,?,?
10/24/2016,R,155,?,?,?,"8,415.94",253
10/25/2016,S,"1,765","98,647.34","8,413",826,?,?
10/25/2016,R,137,?,?,?,"10,220.64",287
10/26/2016,S,"1,877","107,318.90","8,342",820,?,?
10/26/2016,R,109,?,?,?,"7,263.28",231
10/27/2016,S,"1,357","81,427.63","6,889",653,?,?
10/27/2016,R,89,?,?,?,"4,557.53",152
10/28/2016,S,"2,002","114,190.67","9,130",933,?,?
10/28/2016,R,145,?,?,?,"8,665.60",289
10/29/2016,S,"2,488","162,817.19","13,060","1,321",?,?
10/29/2016,R,137,?,?,?,"6,815.64",229
10/30/2016,S,"2,140","143,386.25","11,575","1,093",?,?
10/30/2016,R,179,?,?,?,"13,137.10",357
10/31/2016,S,"1,808","98,099.28","8,271",836,?,?
10/31/2016,R,134,?,?,?,"8,298.97",235
11/1/2016,S,"1,757","102,914.75","8,575",879,?,?
11/1/2016,R,124,?,?,?,"6,117.44",216
11/2/2016,S,"1,847","102,144.47","8,703",913,?,?
11/2/2016,R,124,?,?,?,"7,558.79",212
11/3/2016,S,"1,867","107,743.19","9,105",966,?,?
11/3/2016,R,136,?,?,?,"8,158.08",242
11/4/2016,S,"1,928","116,001.19","9,270",970,?,?
11/4/2016,R,140,?,?,?,"7,488.62",201
11/5/2016,S,"2,463","152,359.59","12,645","1,371",?,?
11/5/2016,R,158,?,?,?,"11,832.53",384
11/6/2016,S,"2,306","139,214.73","11,349","1,077",?,?
11/6/2016,R,167,?,?,?,"10,002.23",355
11/7/2016,S,"1,825","105,446.94","8,689",912,?,?
11/7/2016,R,117,?,?,?,"7,431.33",230
11/8/2016,S,"1,665","91,337.71","7,770",855,?,?
11/8/2016,R,121,?,?,?,"7,535.66",241
11/9/2016,S,"1,341","67,709.60","5,979",708,?,?
11/9/2016,R,83,?,?,?,"4,131.87",209
11/10/2016,S,"1,836","97,931.53","8,217",990,?,?
11/10/2016,R,121,?,?,?,"7,616.71",267
11/11/2016,S,"1,998","119,288.13","9,973","1,165",?,?
11/11/2016,R,135,?,?,?,"8,273.38",234
11/12/2016,S,"2,578","167,708.84","13,726","1,324",?,?
11/12/2016,R,172,?,?,?,"12,159.23",325
11/13/2016,S,"2,338","158,514.63","12,781","1,291",?,?
11/13/2016,R,197,?,?,?,"15,971.38",343
11/14/2016,S,"1,962","101,749.09","8,970",934,?,?
11/14/2016,R,122,?,?,?,"9,014.31",225
11/15/2016,S,"1,383","81,645.12","6,680",652,?,?
11/15/2016,R,110,?,?,?,"7,112.57",181
11/16/2016,S,"1,952","108,475.48","9,571","1,226",?,?
11/16/2016,R,152,?,?,?,"10,046.36",315
11/17/2016,S,"2,020","117,152.63","9,680","1,358",?,?
11/17/2016,R,137,?,?,?,"9,486.60",281
11/18/2016,S,"2,194","120,001.73","10,530","1,415",?,?
11/18/2016,R,135,?,?,?,"7,430.40",232
11/19/2016,S,"2,873","189,722.18","15,127","1,811",?,?
11/19/2016,R,175,?,?,?,"11,015.82",296
11/20/2016,S,"2,346","154,741.51","12,493","1,464",?,?
11/20/2016,R,175,?,?,?,"13,086.37",283
11/21/2016,S,"2,211","127,027.96","10,539","1,249",?,?
11/21/2016,R,130,?,?,?,"6,374.41",219
11/22/2016,S,"2,266","125,826.29","11,595","1,390",?,?
11/22/2016,R,116,?,?,?,"6,136.33",208
11/23/2016,S,"2,648","151,525.27","12,324","1,489",?,?
11/23/2016,R,152,?,?,?,"10,540.01",311
11/25/2016,S,"2,852","258,405.39","19,568","2,281",?,?
11/25/2016,R,140,?,?,?,"9,255.98",244
11/26/2016,S,"2,240","137,678.40","10,410","1,304",?,?
11/26/2016,R,183,?,?,?,"10,756.66",273
11/27/2016,S,"2,326","139,544.99","11,136","1,477",?,?
11/27/2016,R,204,?,?,?,"13,516.64",356
11/28/2016,S,"2,226","116,536.76","9,434","1,401",?,?
11/28/2016,R,209,?,?,?,"13,075.32",393
11/29/2016,S,"1,204","63,105.86","5,561",649,?,?
11/29/2016,R,83,?,?,?,"5,587.34",177
11/30/2016,S,"1,609","87,179.06","7,636",916,?,?
11/30/2016,R,136,?,?,?,"6,479.03",227
12/1/2016,S,"2,139","109,071.89","9,742","1,303",?,?
12/1/2016,R,143,?,?,?,"9,772.03",263
12/2/2016,S,"2,049","117,249.87","10,347","1,218",?,?
12/2/2016,R,159,?,?,?,"9,021.08",356
12/3/2016,S,"2,707","166,313.07","13,305","1,587",?,?
12/3/2016,R,205,?,?,?,"13,179.40",410
12/4/2016,S,"2,606","163,976.96","12,895","1,497",?,?
12/4/2016,R,219,?,?,?,"18,984.94",477
12/5/2016,S,"2,059","111,816.54","9,527","1,254",?,?
12/5/2016,R,157,?,?,?,"7,929.68",264
12/6/2016,S,"1,886","91,894.06","8,213","1,084",?,?
12/6/2016,R,112,?,?,?,"6,467.42",188
12/7/2016,S,"1,929","98,848.18","9,072","1,137",?,?
12/7/2016,R,144,?,?,?,"7,416.91",262
12/8/2016,S,"2,011","107,177.90","9,316","1,192",?,?
12/8/2016,R,154,?,?,?,"10,694.45",320
12/9/2016,S,"2,066","116,070.58","9,548","1,302",?,?
12/9/2016,R,142,?,?,?,"7,433.57",221
12/10/2016,S,"2,604","164,327.77","13,067","1,612",?,?
12/10/2016,R,178,?,?,?,"11,140.70",306
12/11/2016,S,"2,398","153,073.52","11,934","1,498",?,?
12/11/2016,R,189,?,?,?,"12,951.80",379
12/12/2016,S,"2,168","116,892.53","9,549","1,276",?,?
12/12/2016,R,159,?,?,?,"9,832.54",273
12/13/2016,S,"2,237","125,799.12","9,860","1,463",?,?
12/13/2016,R,158,?,?,?,"10,707.70",345
12/14/2016,S,"2,244","113,398.99","9,422","1,558",?,?
12/14/2016,R,118,?,?,?,"7,117.90",276
12/15/2016,S,"1,889","104,941.14","8,866","1,205",?,?
12/15/2016,R,105,?,?,?,"5,775.24",184
12/16/2016,S,"2,132","124,091.41","10,025","1,433",?,?
12/16/2016,R,126,?,?,?,"7,379.85",248
12/17/2016,S,"2,427","167,678.61","12,372","1,580",?,?
12/17/2016,R,148,?,?,?,"9,881.80",313
12/18/2016,S,"2,592","163,714.21","13,033","1,848",?,?
12/18/2016,R,204,?,?,?,"13,311.43",353
12/19/2016,S,"2,458","142,445.23","11,405","1,672",?,?
12/19/2016,R,182,?,?,?,"9,911.98",288
12/20/2016,S,"2,515","145,069.86","11,266","1,646",?,?
12/20/2016,R,154,?,?,?,"9,359.76",277
12/21/2016,S,"2,639","154,672.20","11,583","1,667",?,?
12/21/2016,R,164,?,?,?,"10,477.00",274
12/22/2016,S,"2,823","168,555.77","12,748","1,910",?,?
12/22/2016,R,149,?,?,?,"8,660.00",280
12/23/2016,S,"3,062","195,427.41","13,443","1,785",?,?
12/23/2016,R,163,?,?,?,"8,428.26",271
12/24/2016,S,"2,185","130,906.35","9,486","1,183",?,?
12/24/2016,R,92,?,?,?,"5,660.16",184
12/26/2016,S,"2,201","140,744.37","10,905","1,538",?,?
12/26/2016,R,192,?,?,?,"12,705.75",355
12/27/2016,S,"2,308","131,308.20","10,320","1,562",?,?
12/27/2016,R,223,?,?,?,"11,499.98",367
12/28/2016,S,"2,164","130,334.70","10,080","1,624",?,?
12/28/2016,R,159,?,?,?,"10,311.54",365
12/29/2016,S,"1,982","125,876.74","9,953","1,300",?,?
12/29/2016,R,159,?,?,?,"8,877.56",266
12/30/2016,S,"2,451","138,914.14","10,972","1,701",?,?
12/30/2016,R,169,?,?,?,"8,915.22",304
12/31/2016,S,"2,145","118,935.87","9,760","1,459",?,?
12/31/2016,R,156,?,?,?,"11,172.48",274
