date,TRANSACTION_TYPE,TOTAL_TRANSACTIONS,TOTAL_SALES,TOTAL_UNITS,TOTAL_COUPONS,max_temp,min_temp,avg_temp,precipitation,snow_fall,snow_depth
2016-01-01,S,1604,101482.59,8046,769,42,34,38.0,0.0,0.0,0.0
2016-01-02,S,2669,174602.55,13305,1446,40,32,36.0,0.0,0.0,0.0
2016-01-03,S,2298,152357.03,11795,1324,45,35,40.0,0.0,0.0,0.0
2016-01-04,S,1967,109492.91,9075,947,36,14,25.0,0.0,0.0,0.0
2016-01-05,S,1796,108041.47,8424,662,29,11,20.0,0.0,0.0,0.0
2016-01-06,S,1867,110355.05,8896,716,41,25,33.0,0.0,0.0,0.0
2016-01-07,S,1872,101447.95,8668,860,46,31,38.5,0.0,0.0,0.0
2016-01-08,S,1874,105293.55,8676,895,46,31,38.5,0.0,0.0,0.0
2016-01-09,S,2502,161562.68,12686,1245,47,40,43.5,,0.0,0.0
2016-01-10,S,2138,134339.35,10685,930,59,40,49.5,1.8,0.0,0.0
2016-01-11,S,1651,95730.96,8060,721,40,26,33.0,0.0,0.0,0.0
2016-01-12,S,1725,89085.27,7585,735,44,25,34.5,0.0,,0.0
2016-01-13,S,1511,88220.92,7398,705,30,22,26.0,0.0,0.0,0.0
2016-01-14,S,1621,87284.68,7592,734,38,22,30.0,0.0,,0.0
2016-01-15,S,1909,106820.34,8901,945,51,34,42.5,,0.0,0.0
2016-01-16,S,2354,155987.69,12130,1134,52,42,47.0,0.24,0.0,0.0
2016-01-17,S,2116,142511.15,11225,989,42,30,36.0,0.05,0.4,0.0
2016-01-18,S,2281,153107.82,11803,1070,31,18,24.5,,,
2016-01-19,S,1479,85857.46,6982,568,28,16,22.0,0.0,0.0,
2016-01-20,S,1754,96853.72,8263,773,37,27,32.0,0.0,0.0,
2016-01-21,S,1766,99525.37,8511,794,36,26,31.0,0.0,0.0,0.0
2016-01-22,S,1947,118827.49,9334,805,30,21,25.5,0.01,0.2,0.0
2016-01-23,S,97,5855.15,518,39,27,24,25.5,2.31,27.3,6.0
2016-01-24,S,1704,112826.84,9468,680,35,20,27.5,,,22.0
2016-01-25,S,1506,80451.89,7044,584,39,28,33.5,0.0,0.0,19.0
2016-01-26,S,1616,87326.81,8180,686,48,38,43.0,0.0,0.0,17.0
2016-01-27,S,1771,92694.99,8387,664,47,34,40.5,,0.0,9.0
2016-01-28,S,1629,84929.32,7595,689,42,32,37.0,0.0,0.0,6.0
2016-01-29,S,1730,93264.32,7871,711,41,30,35.5,0.0,0.0,6.0
2016-01-30,S,2481,167645.43,13206,1048,39,28,33.5,0.0,0.0,6.0
2016-01-31,S,2119,150350.44,11819,926,56,36,46.0,0.0,0.0,4.0
2016-02-01,S,1638,84701.04,7589,679,59,44,51.5,0.01,0.0,2.0
2016-02-02,S,1659,91196.33,8303,691,50,38,44.0,0.0,0.0,
2016-02-03,S,1312,69528.74,6220,631,59,42,50.5,0.73,0.0,0.0
2016-02-04,S,1722,97765.77,8871,834,59,44,51.5,,0.0,0.0
2016-02-05,S,1543,89688.88,7915,719,44,31,37.5,0.53,2.5,1.0
2016-02-06,S,2283,158785.63,12975,1219,40,30,35.0,0.0,0.0,0.0
2016-02-07,S,2134,128839.73,10868,1128,47,33,40.0,0.0,0.0,0.0
2016-02-08,S,1404,77360.76,7295,588,39,28,33.5,0.05,0.1,0.0
2016-02-09,S,1587,85669.51,7623,766,36,27,31.5,0.0,,
2016-02-10,S,1622,84498.83,7589,791,39,31,35.0,0.01,,0.0
2016-02-11,S,1543,78411.51,7138,688,31,18,24.5,,,0.0
2016-02-12,S,1725,97829.83,7855,936,27,15,21.0,0.0,0.0,0.0
2016-02-13,S,1832,127178.55,10061,1060,22,6,14.0,0.0,0.0,0.0
2016-02-14,S,1546,108570.99,7937,781,15,-1,7.0,0.0,0.0,0.0
2016-02-15,S,1721,112495.77,8917,918,35,13,24.0,0.44,1.4,0.0
2016-02-16,S,1307,69173.74,6365,617,54,35,44.5,1.01,0.0,0.0
2016-02-17,S,1697,99273.37,8509,737,39,35,37.0,0.0,0.0,0.0
2016-02-18,S,1687,85215.62,7971,745,36,27,31.5,0.0,0.0,0.0
2016-02-19,S,1703,87604.75,7794,848,39,24,31.5,0.0,0.0,0.0
2016-02-20,S,2427,143939.68,12589,1271,61,39,50.0,0.0,0.0,0.0
2016-02-21,S,2159,127615.14,11363,1016,55,44,49.5,0.03,0.0,0.0
2016-02-22,S,1729,88683.62,7992,827,52,38,45.0,0.0,0.0,0.0
2016-02-23,S,1279,66262.79,5926,568,40,35,37.5,0.3,,0.0
2016-02-24,S,1200,67250.02,5958,469,60,36,48.0,1.22,0.0,0.0
2016-02-25,S,1548,94383.19,8000,696,61,37,49.0,0.02,0.0,0.0
2016-02-26,S,1658,85199.95,7889,715,39,27,33.0,0.0,0.0,0.0
2016-02-27,S,2288,144983.5,12168,1046,41,26,33.5,0.0,0.0,0.0
2016-02-28,S,2300,145553.9,12381,1005,60,38,49.0,0.0,0.0,0.0
2016-02-29,S,1699,90899.17,8370,665,61,47,54.0,0.05,0.0,0.0
2016-03-01,S,1711,90981.48,8393,609,52,39,45.5,0.0,0.0,0.0
2016-03-02,S,1515,92290.95,8227,549,55,29,42.0,0.14,0.0,0.0
2016-03-03,S,1524,84039.1,7346,582,36,26,31.0,0.0,0.0,0.0
2016-03-04,S,1530,82790.43,7464,496,39,30,34.5,0.11,0.4,
2016-03-05,S,2285,143897.75,12210,822,41,28,34.5,0.0,0.0,0.0
2016-03-06,S,2200,141615.91,12213,790,44,32,38.0,0.0,0.0,0.0
2016-03-07,S,1607,81599.05,7999,546,60,36,48.0,0.0,0.0,0.0
2016-03-08,S,1611,76181.29,7827,643,67,47,57.0,0.0,0.0,0.0
2016-03-09,S,1588,76714.89,7685,662,77,44,60.5,0.0,0.0,0.0
2016-03-10,S,1562,78044.47,7159,672,79,63,71.0,0.0,0.0,0.0
2016-03-11,S,1735,92336.75,8500,662,68,48,58.0,0.06,0.0,0.0
2016-03-12,S,2338,140172.61,12413,867,59,40,49.5,0.0,0.0,0.0
2016-03-13,S,2069,131830.17,11043,804,62,50,56.0,,0.0,0.0
2016-03-14,S,1245,63960.56,6013,449,51,40,45.5,0.29,0.0,0.0
2016-03-15,S,1644,92937.89,8561,724,57,44,50.5,0.0,0.0,0.0
2016-03-16,S,1720,84597.61,8062,799,65,48,56.5,0.02,0.0,0.0
2016-03-17,S,1674,90328.01,8222,846,63,45,54.0,,0.0,0.0
2016-03-18,S,1769,91161.18,8775,797,57,42,49.5,0.0,0.0,0.0
2016-03-19,S,2298,144702.45,12252,1101,46,36,41.0,0.0,0.0,0.0
2016-03-20,S,2051,131094.26,10826,970,43,32,37.5,0.07,,0.0
2016-03-21,S,1674,88840.05,8190,709,50,32,41.0,0.06,0.5,
2016-03-22,S,1687,82463.58,7902,804,56,35,45.5,0.0,0.0,0.0
2016-03-23,S,1618,86038.44,7919,768,71,48,59.5,0.0,0.0,0.0
2016-03-24,S,1711,95142.16,8166,903,55,44,49.5,0.0,0.0,0.0
2016-03-25,S,1909,102502.95,9316,989,72,44,58.0,0.04,0.0,0.0
2016-03-26,S,2289,147667.47,12211,1336,55,38,46.5,0.0,0.0,0.0
2016-03-27,S,1840,117299.4,9527,1009,55,43,49.0,0.0,0.0,0.0
2016-03-28,S,1606,79666.29,7515,776,62,42,52.0,0.38,0.0,0.0
2016-03-29,S,1700,88075.1,7972,787,53,40,46.5,0.0,0.0,0.0
2016-03-30,S,1612,81084.53,7770,878,56,37,46.5,0.0,0.0,0.0
2016-03-31,S,1758,92082.3,8229,947,73,49,61.0,0.0,0.0,0.0
2016-04-01,S,1704,99428.03,8457,910,79,61,70.0,0.02,0.0,0.0
2016-04-02,S,2440,156142.2,13147,1367,61,49,55.0,0.16,0.0,0.0
2016-04-03,S,2120,143845.01,11855,1141,50,34,42.0,0.09,,0.0
2016-04-04,S,1446,72858.81,6664,743,45,29,37.0,0.47,,0.0
2016-04-05,S,1628,87525.3,7918,737,43,26,34.5,0.0,0.0,0.0
2016-04-06,S,1592,80556.5,7397,725,48,30,39.0,0.0,0.0,0.0
2016-04-07,S,1509,76070.72,7147,709,58,48,53.0,0.09,0.0,0.0
2016-04-08,S,1752,92824.9,8173,866,50,40,45.0,0.01,0.0,0.0
2016-04-09,S,2073,134236.64,10901,1088,43,36,39.5,0.11,,0.0
2016-04-10,S,2218,144911.78,11987,1173,50,31,40.5,0.0,0.0,0.0
2016-04-11,S,1668,87597.66,7837,684,65,43,54.0,0.01,0.0,0.0
2016-04-12,S,1613,85331.47,7793,702,59,45,52.0,0.2,0.0,0.0
2016-04-13,S,1684,85375.02,7638,804,58,40,49.0,0.0,0.0,0.0
2016-04-14,S,1680,93474.83,7747,832,62,43,52.5,0.0,0.0,0.0
2016-04-15,S,1880,112390.95,9132,996,65,42,53.5,0.0,0.0,0.0
2016-04-16,S,2366,151064.01,12543,1332,68,43,55.5,0.0,0.0,0.0
2016-04-17,S,2153,144059.52,12023,1259,75,44,59.5,0.0,0.0,0.0
2016-04-18,S,1818,96288.68,8602,944,82,51,66.5,0.0,0.0,0.0
2016-04-19,S,1798,93876.89,8376,961,73,55,64.0,0.0,0.0,0.0
2016-04-20,S,1837,95577.04,8709,994,69,49,59.0,0.0,0.0,0.0
2016-04-21,S,1858,102569.02,9682,999,73,49,61.0,0.0,0.0,0.0
2016-04-22,S,1901,114479.0,9706,962,79,62,70.5,,0.0,0.0
2016-04-23,S,2334,155829.92,12890,1317,71,54,62.5,0.16,0.0,0.0
2016-04-24,S,2350,148499.17,12024,1322,68,47,57.5,0.0,0.0,0.0
2016-04-25,S,1913,93086.09,8625,1016,69,50,59.5,0.0,0.0,0.0
2016-04-26,S,1564,103957.9,7787,639,60,47,53.5,0.24,0.0,0.0
2016-04-27,S,1720,93002.57,8126,790,62,46,54.0,0.0,0.0,0.0
2016-04-28,S,1733,93185.08,8079,797,59,48,53.5,0.0,0.0,0.0
2016-04-29,S,1724,91319.8,8060,889,58,45,51.5,0.05,0.0,0.0
2016-04-30,S,2392,157667.15,12925,1255,65,46,55.5,0.0,0.0,0.0
2016-05-01,S,1934,130287.13,10456,963,51,45,48.0,0.16,0.0,0.0
2016-05-02,S,1882,106155.78,9061,781,60,45,52.5,0.04,0.0,0.0
2016-05-03,S,1617,91342.98,8126,744,56,51,53.5,0.61,0.0,0.0
2016-05-04,S,1639,87390.27,7793,759,52,48,50.0,0.01,0.0,0.0
2016-05-05,S,1781,97960.35,8596,956,57,46,51.5,0.0,0.0,0.0
2016-05-06,S,1662,94099.36,8137,818,54,48,51.0,0.54,0.0,0.0
2016-05-07,S,2420,155314.31,12737,1358,60,48,54.0,0.0,0.0,0.0
2016-05-08,S,2121,124155.25,10551,1130,66,49,57.5,0.16,0.0,0.0
2016-05-09,S,2009,98955.47,8657,1079,72,52,62.0,0.0,0.0,0.0
2016-05-10,S,1731,88344.64,7532,761,63,50,56.5,0.0,0.0,0.0
2016-05-11,S,1837,100467.84,8491,919,76,50,63.0,0.0,0.0,0.0
2016-05-12,S,1857,102995.54,8883,969,80,56,68.0,0.0,0.0,0.0
2016-05-13,S,1637,96315.79,8188,819,65,57,61.0,0.25,0.0,0.0
2016-05-14,S,2543,162205.4,13785,1277,73,56,64.5,0.0,0.0,0.0
2016-05-15,S,2335,173832.43,14053,1163,59,46,52.5,0.0,0.0,0.0
2016-05-16,S,2043,122180.93,10498,951,66,43,54.5,0.0,0.0,0.0
2016-05-17,S,1790,107226.79,9385,890,64,52,58.0,0.0,0.0,0.0
2016-05-18,S,1926,104805.59,9514,964,68,52,60.0,,0.0,0.0
2016-05-19,S,1846,104270.94,9401,978,73,54,63.5,0.0,0.0,0.0
2016-05-20,S,2040,115063.24,10094,1123,76,53,64.5,0.0,0.0,0.0
2016-05-21,S,2287,140668.72,12107,1344,66,54,60.0,0.04,0.0,0.0
2016-05-22,S,2417,162602.05,13576,1314,70,52,61.0,0.09,0.0,0.0
2016-05-23,S,2092,118878.79,10409,1108,78,56,67.0,0.02,0.0,0.0
2016-05-24,S,1888,112697.45,9783,855,73,58,65.5,0.18,0.0,0.0
2016-05-25,S,1944,104791.55,8960,940,88,61,74.5,0.0,0.0,0.0
2016-05-26,S,1908,111372.28,9092,1015,90,69,79.5,0.0,0.0,0.0
2016-05-27,S,2263,149841.89,11370,1218,87,73,80.0,0.0,0.0,0.0
2016-05-28,S,2374,169278.0,12254,1120,92,71,81.5,0.0,0.0,0.0
2016-05-29,S,2263,157896.07,11856,1051,87,70,78.5,,0.0,0.0
2016-05-30,S,2633,184728.43,13186,1310,82,68,75.0,1.65,0.0,0.0
2016-05-31,S,2170,135091.98,11249,992,85,71,78.0,0.0,0.0,0.0
2016-06-01,S,2111,131797.44,10856,868,83,66,74.5,0.0,0.0,0.0
2016-06-02,S,1991,132237.59,10708,975,78,62,70.0,0.0,0.0,0.0
2016-06-03,S,1938,119418.13,10047,854,70,63,66.5,0.04,0.0,0.0
2016-06-04,S,2383,153918.39,12998,1076,83,66,74.5,0.4,0.0,0.0
2016-06-05,S,2054,150754.22,12720,897,71,65,68.0,0.91,0.0,0.0
2016-06-06,S,2094,125785.79,10987,916,83,65,74.0,0.0,0.0,0.0
2016-06-07,S,1952,107376.08,9235,724,85,64,74.5,,0.0,0.0
2016-06-08,S,1571,88816.59,7651,520,67,52,59.5,0.45,0.0,0.0
2016-06-09,S,1914,105512.71,9416,767,71,54,62.5,0.0,0.0,0.0
2016-06-10,S,1974,121829.22,10064,882,77,57,67.0,0.0,0.0,0.0
2016-06-11,S,2367,167532.29,13582,1051,88,59,73.5,0.0,0.0,0.0
2016-06-12,S,2262,147315.29,12247,950,83,62,72.5,0.0,0.0,0.0
2016-06-13,S,1879,107591.93,9565,771,74,57,65.5,0.0,0.0,0.0
2016-06-14,S,1875,107482.53,9433,817,79,58,68.5,0.0,0.0,0.0
2016-06-15,S,1936,109913.78,9661,981,85,62,73.5,0.0,0.0,0.0
2016-06-16,S,1852,106449.34,9689,885,74,65,69.5,0.22,0.0,0.0
2016-06-17,S,2041,121129.45,10524,1018,78,63,70.5,0.0,0.0,0.0
2016-06-18,S,2376,150814.65,12753,1172,87,61,74.0,0.0,0.0,0.0
2016-06-19,S,2145,136159.57,11825,1031,88,66,77.0,0.0,0.0,0.0
2016-06-20,S,1910,110931.1,9622,834,84,64,74.0,0.0,0.0,0.0
2016-06-21,S,1805,111302.38,9436,840,87,72,79.5,,0.0,0.0
2016-06-22,S,1853,112949.53,9733,845,86,68,77.0,0.0,0.0,0.0
2016-06-23,S,1857,101429.7,9169,808,83,69,76.0,0.0,0.0,0.0
2016-06-24,S,2028,126399.09,11066,849,84,67,75.5,0.0,0.0,0.0
2016-06-25,S,2336,155297.84,13129,1032,86,64,75.0,0.0,0.0,0.0
2016-06-26,S,2397,161265.56,13989,972,87,67,77.0,0.0,0.0,0.0
2016-06-27,S,1920,116162.23,9776,769,83,67,75.0,0.45,0.0,0.0
2016-06-28,S,1830,108780.36,9832,654,76,68,72.0,0.12,0.0,0.0
2016-06-29,S,1956,115508.4,10085,821,83,67,75.0,0.01,0.0,0.0
2016-06-30,S,2079,117913.92,10000,942,85,67,76.0,0.0,0.0,0.0
2016-07-01,S,2070,136439.28,11094,950,79,66,72.5,0.83,0.0,0.0
2016-07-02,S,2390,163944.74,13198,1094,76,63,69.5,0.0,0.0,0.0
2016-07-03,S,2157,151369.89,11883,956,78,64,71.0,0.0,0.0,0.0
2016-07-04,S,1781,115127.29,9460,766,84,66,75.0,0.49,0.0,0.0
2016-07-05,S,2042,124555.63,10465,959,86,69,77.5,0.66,0.0,0.0
2016-07-06,S,2025,115089.69,9857,921,91,75,83.0,0.0,0.0,0.0
2016-07-07,S,1939,117246.87,9337,906,89,77,83.0,0.04,0.0,0.0
2016-07-08,S,1894,124328.91,9832,853,86,67,76.5,0.08,0.0,0.0
2016-07-09,S,2431,159947.07,13626,1076,72,65,68.5,0.53,0.0,0.0
2016-07-10,S,2408,156434.01,12745,1219,80,66,73.0,,0.0,0.0
2016-07-11,S,2037,118686.37,9646,916,81,65,73.0,0.0,0.0,0.0
2016-07-12,S,1938,110398.65,9413,885,82,68,75.0,0.0,0.0,0.0
2016-07-13,S,1827,107402.77,9088,937,85,71,78.0,0.0,0.0,0.0
2016-07-14,S,1839,114941.23,9202,934,88,73,80.5,0.62,0.0,0.0
2016-07-15,S,2013,119808.23,9906,913,88,79,83.5,0.0,0.0,0.0
2016-07-16,S,2302,155062.17,12380,1181,90,75,82.5,,0.0,0.0
2016-07-17,S,2353,160981.77,12964,1103,89,75,82.0,0.0,0.0,0.0
2016-07-18,S,1808,108257.41,8822,786,93,72,82.5,0.35,0.0,0.0
2016-07-19,S,2135,117579.31,9817,1181,83,73,78.0,0.0,0.0,0.0
2016-07-20,S,1902,106503.43,9055,1004,85,68,76.5,0.0,0.0,0.0
2016-07-21,S,1856,102670.86,9021,884,90,71,80.5,0.0,0.0,0.0
2016-07-22,S,1972,110489.41,9577,1020,94,74,84.0,0.0,0.0,0.0
2016-07-23,S,2204,143796.23,11580,1147,96,80,88.0,0.0,0.0,0.0
2016-07-24,S,2222,139858.74,11343,1056,94,75,84.5,0.0,0.0,0.0
2016-07-25,S,1566,91000.28,7686,696,93,73,83.0,1.0,0.0,0.0
2016-07-26,S,1800,110323.48,9049,914,89,72,80.5,0.0,0.0,0.0
2016-07-27,S,1840,101930.27,9008,841,91,74,82.5,0.0,0.0,0.0
2016-07-28,S,1735,97054.23,8263,866,95,75,85.0,,0.0,0.0
2016-07-29,S,1951,121293.68,9833,1008,85,69,77.0,1.09,0.0,0.0
2016-07-30,S,2217,147897.83,11688,1103,84,73,78.5,0.25,0.0,0.0
2016-07-31,S,2345,168303.52,13718,1215,78,71,74.5,1.08,0.0,0.0
2016-08-01,S,2051,128684.52,10622,966,80,69,74.5,,0.0,0.0
2016-08-02,S,1973,122828.48,10288,1018,79,68,73.5,0.0,0.0,0.0
2016-08-03,S,2012,117565.5,9989,988,80,66,73.0,0.0,0.0,0.0
2016-08-04,S,1912,119765.94,9815,900,81,67,74.0,0.0,0.0,0.0
2016-08-05,S,1856,109324.54,9243,872,83,69,76.0,0.0,0.0,0.0
2016-08-06,S,2310,167393.79,13234,1038,87,72,79.5,0.05,0.0,0.0
2016-08-07,S,2291,154144.79,12491,1072,86,70,78.0,0.0,0.0,0.0
2016-08-08,S,2053,115089.06,9728,918,86,71,78.5,0.0,0.0,0.0
2016-08-09,S,1850,109076.66,9452,779,87,71,79.0,0.0,0.0,0.0
2016-08-10,S,1608,94731.78,8149,632,86,75,80.5,0.09,0.0,0.0
2016-08-11,S,1733,101620.65,8191,743,91,74,82.5,0.15,0.0,0.0
2016-08-12,S,1819,121837.83,9847,795,93,73,83.0,0.32,0.0,0.0
2016-08-13,S,2251,167279.52,12757,1014,96,81,88.5,0.0,0.0,0.0
2016-08-14,S,2158,162911.41,12577,962,94,78,86.0,0.06,0.0,0.0
2016-08-15,S,2061,142670.49,11520,868,92,77,84.5,0.0,0.0,0.0
2016-08-16,S,1930,132965.02,10708,923,87,78,82.5,0.11,0.0,0.0
2016-08-17,S,1374,74168.22,6507,603,85,77,81.0,0.01,0.0,0.0
2016-08-18,S,2241,156320.16,12264,1142,85,72,78.5,0.03,0.0,0.0
2016-08-19,S,2307,164508.9,12538,1143,88,74,81.0,0.01,0.0,0.0
2016-08-20,S,2380,174808.33,14117,1090,83,70,76.5,0.82,0.0,0.0
2016-08-21,S,2379,174953.5,14693,1154,86,73,79.5,0.31,0.0,0.0
2016-08-22,S,2271,145924.19,11534,1190,79,65,72.0,0.0,0.0,0.0
2016-08-23,S,2145,168370.67,13365,949,82,61,71.5,0.0,0.0,0.0
2016-08-24,S,2096,150240.52,12190,925,88,68,78.0,0.0,0.0,0.0
2016-08-25,S,2193,184749.02,13767,1195,86,69,77.5,0.01,0.0,0.0
2016-08-26,S,2287,202507.74,15336,1124,90,75,82.5,0.0,0.0,0.0
2016-08-27,S,2727,274852.74,19314,1562,89,73,81.0,0.0,0.0,0.0
2016-08-28,S,3060,322279.42,23471,1966,89,72,80.5,0.0,0.0,0.0
2016-08-29,S,2567,202430.55,15797,1473,91,74,82.5,0.0,0.0,0.0
2016-08-30,S,2252,159248.85,13060,1102,86,69,77.5,0.0,0.0,0.0
2016-08-31,S,2216,160440.67,12091,1111,89,74,81.5,,0.0,0.0
2016-09-01,S,2159,154232.25,12557,1025,79,69,74.0,0.5,0.0,0.0
2016-09-02,S,2563,190944.2,15022,1194,81,66,73.5,0.0,0.0,0.0
2016-09-03,S,2826,236414.79,17888,2166,75,66,70.5,0.0,0.0,0.0
2016-09-04,S,2918,224663.54,17641,1936,80,65,72.5,0.0,0.0,0.0
2016-09-05,S,2984,226538.6,17745,1783,84,65,74.5,0.0,0.0,0.0
2016-09-06,S,1972,117380.11,9907,736,80,71,75.5,,0.0,0.0
2016-09-07,S,1916,122361.53,10299,800,85,71,78.0,0.0,0.0,0.0
2016-09-08,S,1949,112570.6,9788,648,89,71,80.0,0.0,0.0,0.0
2016-09-09,S,2039,120619.71,10405,702,91,75,83.0,0.22,0.0,0.0
2016-09-10,S,2514,173655.55,13871,905,90,74,82.0,,0.0,0.0
2016-09-11,S,2555,172987.45,13930,1044,83,67,75.0,0.0,0.0,0.0
2016-09-12,S,2037,118621.79,10133,724,78,62,70.0,0.0,0.0,0.0
2016-09-13,S,1912,101692.97,8852,734,83,64,73.5,0.0,0.0,0.0
2016-09-14,S,1740,102545.9,8537,695,91,67,79.0,0.56,0.0,0.0
2016-09-15,S,1935,117599.76,9957,903,74,61,67.5,0.0,0.0,0.0
2016-09-16,S,2041,124615.23,10113,869,73,61,67.0,0.0,0.0,0.0
2016-09-17,S,2504,167935.19,13727,1101,77,59,68.0,0.0,0.0,0.0
2016-09-18,S,2339,153073.54,12619,1028,82,70,76.0,0.0,0.0,0.0
2016-09-19,S,1604,94967.18,7610,604,76,69,72.5,0.68,0.0,0.0
2016-09-20,S,1881,109183.2,8941,761,82,68,75.0,0.0,0.0,0.0
2016-09-21,S,2053,119138.81,9529,820,84,68,76.0,0.0,0.0,0.0
2016-09-22,S,1937,107198.87,9395,877,86,65,75.5,0.0,0.0,0.0
2016-09-23,S,1972,106793.41,9061,900,87,64,75.5,0.01,0.0,0.0
2016-09-24,S,2429,155491.23,12303,1153,71,58,64.5,0.2,0.0,0.0
2016-09-25,S,2414,158706.58,12465,1088,70,54,62.0,0.0,0.0,0.0
2016-09-26,S,1859,106835.45,8851,811,74,54,64.0,0.0,0.0,0.0
2016-09-27,S,1817,96815.53,8525,784,74,64,69.0,0.22,0.0,0.0
2016-09-28,S,1730,95838.74,8364,799,69,56,62.5,0.0,0.0,0.0
2016-09-29,S,1847,100394.99,8961,845,64,57,60.5,0.0,0.0,0.0
2016-09-30,S,1619,101956.19,8291,702,59,56,57.5,0.4,0.0,0.0
2016-10-01,S,2721,195387.77,15027,1254,62,56,59.0,0.0,0.0,0.0
2016-10-02,S,2525,176155.52,13629,1092,63,57,60.0,0.0,0.0,0.0
2016-10-03,S,2214,136937.51,11196,1055,72,60,66.0,0.0,0.0,0.0
2016-10-04,S,2020,118081.67,9919,796,69,60,64.5,0.0,0.0,0.0
2016-10-05,S,1874,112833.27,9278,735,67,53,60.0,0.0,0.0,0.0
2016-10-06,S,1971,110908.5,9275,927,73,55,64.0,0.0,0.0,0.0
2016-10-07,S,1931,112179.63,9007,888,75,57,66.0,0.0,0.0,0.0
2016-10-08,S,2258,147083.31,11724,1146,68,58,63.0,0.23,0.0,0.0
2016-10-09,S,2086,139137.9,11096,922,65,51,58.0,0.55,0.0,0.0
2016-10-10,S,2212,135730.84,10393,1043,64,47,55.5,0.0,0.0,0.0
2016-10-11,S,1889,113624.17,9335,902,63,46,54.5,0.0,0.0,0.0
2016-10-12,S,1935,123116.07,9786,882,66,53,59.5,0.0,0.0,0.0
2016-10-13,S,1802,102468.58,8544,802,67,53,60.0,,0.0,0.0
2016-10-14,S,1884,111436.22,9427,840,62,47,54.5,0.0,0.0,0.0
2016-10-15,S,2592,179271.83,13814,1226,65,45,55.0,0.0,0.0,0.0
2016-10-16,S,2382,153386.76,12241,1086,69,53,61.0,0.0,0.0,0.0
2016-10-17,S,1944,101580.92,8710,927,81,63,72.0,0.0,0.0,0.0
2016-10-18,S,1826,102195.55,8405,917,81,67,74.0,0.0,0.0,0.0
2016-10-19,S,1842,96729.7,8478,950,85,65,75.0,0.0,0.0,0.0
2016-10-20,S,1775,89996.86,8087,854,70,62,66.0,0.0,0.0,0.0
2016-10-21,S,1682,91411.08,7547,759,69,57,63.0,1.11,0.0,0.0
2016-10-22,S,2245,161743.57,12132,1135,57,47,52.0,0.29,0.0,0.0
2016-10-23,S,2469,158700.23,12664,1269,61,45,53.0,0.0,0.0,0.0
2016-10-24,S,1988,107656.33,9384,918,62,47,54.5,,0.0,0.0
2016-10-25,S,1765,98647.34,8413,826,52,43,47.5,0.0,0.0,0.0
2016-10-26,S,1877,107318.9,8342,820,51,38,44.5,0.0,0.0,0.0
2016-10-27,S,1357,81427.63,6889,653,55,40,47.5,1.41,0.0,0.0
2016-10-28,S,2002,114190.67,9130,933,51,42,46.5,0.0,0.0,0.0
2016-10-29,S,2488,162817.19,13060,1321,64,39,51.5,0.0,0.0,0.0
2016-10-30,S,2140,143386.25,11575,1093,76,54,65.0,0.56,0.0,0.0
2016-10-31,S,1808,98099.28,8271,836,54,44,49.0,0.0,0.0,0.0
2016-11-01,S,1757,102914.75,8575,879,58,40,49.0,0.0,0.0,0.0
2016-11-02,S,1847,102144.47,8703,913,70,54,62.0,0.0,0.0,0.0
2016-11-03,S,1867,107743.19,9105,966,72,57,64.5,0.0,0.0,0.0
2016-11-04,S,1928,116001.19,9270,970,61,47,54.0,0.0,0.0,0.0
2016-11-05,S,2463,152359.59,12645,1371,62,44,53.0,0.0,0.0,0.0
2016-11-06,S,2306,139214.73,11349,1077,59,45,52.0,0.0,0.0,0.0
2016-11-07,S,1825,105446.94,8689,912,53,41,47.0,0.0,0.0,0.0
2016-11-08,S,1665,91337.71,7770,855,66,41,53.5,0.0,0.0,0.0
2016-11-09,S,1341,67709.6,5979,708,59,49,54.0,0.06,0.0,0.0
2016-11-10,S,1836,97931.53,8217,990,56,40,48.0,0.0,0.0,0.0
2016-11-11,S,1998,119288.13,9973,1165,63,41,52.0,0.0,0.0,0.0
2016-11-12,S,2578,167708.84,13726,1324,50,37,43.5,0.0,0.0,0.0
2016-11-13,S,2338,158514.63,12781,1291,61,41,51.0,0.0,0.0,0.0
2016-11-14,S,1962,101749.09,8970,934,62,46,54.0,0.0,0.0,0.0
2016-11-15,S,1383,81645.12,6680,652,56,47,51.5,1.81,0.0,0.0
2016-11-16,S,1952,108475.48,9571,1226,61,45,53.0,0.0,0.0,0.0
2016-11-17,S,2020,117152.63,9680,1358,61,49,55.0,0.0,0.0,0.0
2016-11-18,S,2194,120001.73,10530,1415,64,44,54.0,0.0,0.0,0.0
2016-11-19,S,2873,189722.18,15127,1811,63,37,50.0,0.25,0.0,0.0
2016-11-20,S,2346,154741.51,12493,1464,42,34,38.0,0.31,,0.0
2016-11-21,S,2211,127027.96,10539,1249,41,36,38.5,0.0,0.0,0.0
2016-11-22,S,2266,125826.29,11595,1390,41,37,39.0,0.0,0.0,0.0
2016-11-23,S,2648,151525.27,12324,1489,45,35,40.0,0.0,0.0,0.0
2016-11-25,S,2852,258405.39,19568,2281,54,45,49.5,0.02,0.0,0.0
2016-11-26,S,2240,137678.4,10410,1304,50,40,45.0,0.0,0.0,0.0
2016-11-27,S,2326,139544.99,11136,1477,50,39,44.5,0.0,0.0,0.0
2016-11-28,S,2226,116536.76,9434,1401,52,38,45.0,0.0,0.0,0.0
2016-11-29,S,1204,63105.86,5561,649,60,51,55.5,2.2,0.0,0.0
2016-11-30,S,1609,87179.06,7636,916,58,50,54.0,0.73,0.0,0.0
2016-12-01,S,2139,109071.89,9742,1303,54,42,48.0,0.07,0.0,0.0
2016-12-02,S,2049,117249.87,10347,1218,51,40,45.5,0.0,0.0,0.0
2016-12-03,S,2707,166313.07,13305,1587,47,41,44.0,,0.0,0.0
2016-12-04,S,2606,163976.96,12895,1497,47,39,43.0,0.0,0.0,0.0
2016-12-05,S,2059,111816.54,9527,1254,49,38,43.5,0.19,0.0,0.0
2016-12-06,S,1886,91894.06,8213,1084,46,37,41.5,0.35,0.0,0.0
2016-12-07,S,1929,98848.18,9072,1137,46,40,43.0,0.09,0.0,0.0
2016-12-08,S,2011,107177.9,9316,1192,45,35,40.0,0.0,0.0,0.0
2016-12-09,S,2066,116070.58,9548,1302,39,29,34.0,0.0,0.0,0.0
2016-12-10,S,2604,164327.77,13067,1612,35,28,31.5,0.0,0.0,0.0
2016-12-11,S,2398,153073.52,11934,1498,35,28,31.5,0.03,0.4,0.0
2016-12-12,S,2168,116892.53,9549,1276,46,34,40.0,0.5,0.0,0.0
2016-12-13,S,2237,125799.12,9860,1463,43,35,39.0,0.0,0.0,0.0
2016-12-14,S,2244,113398.99,9422,1558,42,34,38.0,0.0,0.0,0.0
2016-12-15,S,1889,104941.14,8866,1205,34,19,26.5,0.0,,0.0
2016-12-16,S,2132,124091.41,10025,1433,27,17,22.0,0.0,0.0,0.0
2016-12-17,S,2427,167678.61,12372,1580,39,24,31.5,0.73,2.8,2.0
2016-12-18,S,2592,163714.21,13033,1848,58,31,44.5,0.04,0.0,1.0
2016-12-19,S,2458,142445.23,11405,1672,31,23,27.0,0.0,0.0,0.0
2016-12-20,S,2515,145069.86,11266,1646,33,20,26.5,0.0,0.0,0.0
2016-12-21,S,2639,154672.2,11583,1667,40,30,35.0,0.0,0.0,0.0
2016-12-22,S,2823,168555.77,12748,1910,49,37,43.0,0.0,0.0,0.0
2016-12-23,S,3062,195427.41,13443,1785,47,38,42.5,0.0,0.0,0.0
2016-12-24,S,2185,130906.35,9486,1183,47,38,42.5,0.47,0.0,0.0
2016-12-26,S,2201,140744.37,10905,1538,50,33,41.5,0.02,0.0,0.0
2016-12-27,S,2308,131308.2,10320,1562,60,40,50.0,0.0,0.0,0.0
2016-12-28,S,2164,130334.7,10080,1624,40,34,37.0,0.0,0.0,0.0
2016-12-29,S,1982,125876.74,9953,1300,46,33,39.5,0.39,0.0,0.0
2016-12-30,S,2451,138914.14,10972,1701,40,33,36.5,0.01,,0.0
2016-12-31,S,2145,118935.87,9760,1459,44,31,37.5,0.0,0.0,0.0
